Transaction_ID,Claim_ID,Hash,Timestamp,Status
TXN000001,CLM000001,856686fd75004e1294685cda5078803fd3c0b9e20fafecc867721ca9ae6ce6d7,2026-07-03 02:46:18,Approved
TXN000002,CLM000002,d786ca5bf5384aa7bda8068a34c890f4553eb900224fee186dbe3062ff1f5cc5,2026-06-12 20:33:05,Rejected
TXN000003,CLM000003,865b58a604dae3875afdd5855965d936316aff8fa2b8fe3dfc6e886f8130bb16,2026-07-04 21:15:57,Verified
TXN000004,CLM000004,9ee18d0bcb71ca69419a424e8d1ccf255e4f5c4d4406b3bf357ce7ee90a4f74a,2026-06-13 19:57:46,Verified
TXN000005,CLM000005,ac83994dcc104ba15e0dfdac3182f44b765680d92be0f300966e67bf8a245eb4,2026-07-06 22:05:00,Approved
TXN000006,CLM000006,15c796c893782accab4bb6eea7540b1b269bfe1a76ed19b28109e1d2b827bf3f,2026-06-12 15:33:07,Pending
TXN000007,CLM000007,80112d9a85377295d44cb6acbc9a0fe3a017c252e9caad92416c951067a551cc,2026-07-04 11:47:59,Rejected
TXN000008,CLM000008,11991dcd8d75db498b1bc881f629b6f3fc8444120562fdef67d4598ea114cf39,2026-07-04 12:46:24,Verified
TXN000009,CLM000009,4dea7b8d927e7483b06a970e8cce4bd742f0de488f015975de2577a647117213,2026-07-09 07:56:45,Approved
TXN000010,CLM000010,96639eeab95bef563297f5906349792f46f6df8e64ff87aa2c0a239d14e9019e,2026-07-10 11:31:21,Approved
TXN000011,CLM000011,43b9d81c104b8ed13b667c5154f719b8aa387f493aa01aa3105430d287251569,2026-07-03 02:03:04,Rejected
TXN000012,CLM000012,ac344385bf86a77f0899760a21ae079757d163123991b18d6277778b8104d4bb,2026-07-06 00:19:29,Rejected
TXN000013,CLM000013,9400287a7cc3e3b228adaa2a26c049f988332a1e6ed4fdc3391a6b58a4b730fb,2026-06-20 23:11:47,Verified
TXN000014,CLM000014,069fb87213d77a7063f558eb945a63b22605ca8f077541a60bc61a701b68b229,2026-06-17 22:44:03,Approved
TXN000015,CLM000015,d94d6c5fb4565841acab47e9a290d760809d5798e6d08c275258e08fca4646be,2026-06-20 14:57:50,Rejected
TXN000016,CLM000016,c6a55fa8c36c75b607cb49b5dec0093cca41b79717f1dc6516d8b64b214d0a29,2026-07-11 16:57:55,Verified
TXN000017,CLM000017,82ea0125ea5eaf7af282964e8eb9be8d291c05aa5d654fada51ea6f2ac191c65,2026-07-09 17:06:29,Rejected
TXN000018,CLM000018,da738aa6f6066870f959316eec267aaefa0ba698ca2b84cbdd9661959912a3bd,2026-06-29 12:46:41,Rejected
TXN000019,CLM000019,d82b26865ed55af2cda0c5d15b71a9822b248b62c01d35cb8db2c44917830594,2026-06-21 05:07:06,Approved
TXN000020,CLM000020,4ef32fafb8f0fcf734afab91e428fabfa49e300b834ab5fa004055ce10f984bf,2026-06-22 12:06:04,Verified
TXN000021,CLM000021,1e6614824be7e7e71a74bffee81b7dd7a7a4d59d5e09863670d0fbb30f2e8fd9,2026-06-13 23:31:40,Pending
TXN000022,CLM000022,abce6bdbaedec3cabeef2d4d724399a95c7bd355f0be3475072adeaa4eec4d00,2026-06-19 22:53:16,Approved
TXN000023,CLM000023,de8f7fb6cc5023e5f0929d02bba16df01bb8acf4cd3e23d721e4c7c68cff20c8,2026-06-25 00:43:10,Verified
TXN000024,CLM000024,f6fb2e316950b22222cf4ed3796a03355bdd731379ecdd906fedfb681ac5004b,2026-06-27 10:04:35,Verified
TXN000025,CLM000025,3b0758a8afd43264c1f0ce157d5be9fa77206bafb685915055ec4dd0b675f6e3,2026-06-29 20:41:54,Rejected
TXN000026,CLM000026,89face948fbee2564ef04165c48a84b9889d4275ca91df09267a9896d3a28d1e,2026-06-22 09:09:32,Pending
TXN000027,CLM000027,87cfb25fb90411afab17160492c814709d5818c4fcf17b50731169a2ddf2d3c4,2026-07-10 12:24:57,Rejected
TXN000028,CLM000028,9406158ccccf74ee90a18bd12b27d8758d3c35a2e6457797e41e58cd7c695142,2026-07-04 10:16:55,Verified
TXN000029,CLM000029,499ed226ae9902fba157343f858f801f9ceb5410e7ad3f2ae45c767acd1a5a84,2026-07-05 04:02:12,Verified
TXN000030,CLM000030,e038e80af95ff3276627a4136cc20fdff5c14ab4cfbb0345f7c476c29babe168,2026-06-25 06:02:19,Verified
TXN000031,CLM000031,6fe2d1fa1eb6721b4e0443f63cc34d7aaf4d8c1e36d89406cf35c53d88a45516,2026-06-17 02:46:00,Rejected
TXN000032,CLM000032,58a4be23470e254b6d34366640d5518b19dfb5d6e522be4309f9ba0af07f36cb,2026-06-17 13:30:08,Pending
TXN000033,CLM000033,549c7a95852ceed454dedb35696ec24bde3df2283cce941be7bfc9b26e75ade6,2026-07-11 16:31:08,Rejected
TXN000034,CLM000034,771efc228755c9d84675d8768b13f5c000a57870f4bc48b042ff32665a8d5be1,2026-06-18 18:52:56,Pending
TXN000035,CLM000035,f342e976ae3f9830626231d2d44169035532df3ecb5415554e3a65f642bd6ab0,2026-06-15 10:14:31,Rejected
TXN000036,CLM000036,ae29229da5235caca9992b2e970755a5c1d06f3ee6e3619d0e4417318cf80f11,2026-07-01 15:08:56,Approved
TXN000037,CLM000037,8d00589f8ac4bd09681a5c9aa661db5e03f2ab9dcf53cc13b8efabb793a6994b,2026-06-23 08:59:17,Rejected
TXN000038,CLM000038,a994a4269d4fa8eb6c1afc9b1e19deb78fdd52ffb40bc4ce4725c6f77f5d90f8,2026-07-04 12:03:52,Pending
TXN000039,CLM000039,8303ce01323ebf927457177b6fed2ae58f23030febb852067de1b74ef4257957,2026-06-30 18:08:11,Verified
TXN000040,CLM000040,2a4f93374c604bd93d397dff18851318498185a82f58c1b08340d7df7de886de,2026-07-08 17:49:36,Pending
TXN000041,CLM000041,2a4b515ef80579d1fd70c876161571a0816c2e1b10bf49b15ad7471f6933be3d,2026-06-29 23:29:17,Pending
TXN000042,CLM000042,6a3efedd585b0958097f24223687cacefc4e028d2bd24276f92987ba0e7168f6,2026-06-26 15:41:05,Verified
TXN000043,CLM000043,499cb63c3baac382c683432189d6dd9830f8670a115e1cdd1000425b8192a697,2026-07-11 16:36:56,Rejected
TXN000044,CLM000044,4226537d85c58f2063c87cadca548221c51c92e24b3930861dcbe27ddf1e02f6,2026-06-12 20:31:01,Rejected
TXN000045,CLM000045,bd505fd7f21c1adb1819ad0e971533dca385893c31e5182d156bd0877e2f349d,2026-07-03 15:54:48,Pending
TXN000046,CLM000046,43b5893ac9ec85f9d388092fc33fcadbeb7c150f0aa87fd0a2f9a737f3e82b3d,2026-06-16 17:40:38,Rejected
TXN000047,CLM000047,664a5d3f007d8e897f76faea669bd5dab925c8d969211488595ebf07ef0ae1c7,2026-06-25 00:03:44,Approved
TXN000048,CLM000048,771af78a4712648f9603f3a1e9a9b0fd5f7dbcb1ecf5f7142b8b23f43a034861,2026-06-19 02:24:53,Pending
TXN000049,CLM000049,5bb64a92590fa2c22fca5afe852c598d62f8fb4d298f1132c6ea2850ec62e764,2026-06-27 17:09:21,Verified
TXN000050,CLM000050,6611a51e9b8de3088475a45185570986ae600192079ad8a136781bea9b6136b4,2026-06-18 05:33:39,Verified
TXN000051,CLM000051,efa78bce491c901bc2c0913348ed793243df3edf9d89e0b149cd302fd32eda38,2026-06-14 01:52:56,Verified
TXN000052,CLM000052,9115a9e70885a2a2ece2c0947e250bda011a7941b8eb5cbbad2af98b4c304292,2026-06-25 20:55:16,Approved
TXN000053,CLM000053,329dde9e69f32d0317437824d2048f53196a43ef64a5d58ef7a288213d2b6b98,2026-07-02 13:46:16,Pending
TXN000054,CLM000054,0dde6943298107025c4ce2ac4480d4a43c834fb4f369979baffd425f9d414e7c,2026-07-03 17:24:46,Approved
TXN000055,CLM000055,203333d43c2c0cdf83f4dd5ff1b1bf8d8f045cc6d713a1abfc3935a0bd88a9af,2026-07-03 16:29:06,Approved
TXN000056,CLM000056,52efe9916283e0e52348cb42f08fc8aef9752bf992500356526bf106b1346042,2026-06-13 14:41:09,Rejected
TXN000057,CLM000057,6ada0446293fdece23979ac0a8a3bdb5dc471aa68fc2b301dbd564c83fe87762,2026-06-29 20:49:27,Pending
TXN000058,CLM000058,25924b3bb17af2a7543975958a8ebde14ced1daa75c4707520da100f62ea3eae,2026-07-02 23:41:16,Verified
TXN000059,CLM000059,cf337782114f3602209ad54ed3130f71e473a44e057d267c013590dda53b21ea,2026-07-10 07:30:07,Approved
TXN000060,CLM000060,d178d9bcd3b21638231618d0e1e3dec53dc6801535a0a504684db3efc684a5c6,2026-07-08 13:38:49,Verified
TXN000061,CLM000061,635be20e5e751bef89c3a2e8a351554b21171e22946c2ca7216feac8681e3259,2026-07-07 12:35:19,Verified
TXN000062,CLM000062,fc63010087869ddb3db775b5c862577bffc0c3df4d611e5630a856d56190ff48,2026-06-26 18:32:46,Pending
TXN000063,CLM000063,b0669fc0cc56690fbd7f4a5293a18b3a00e6315dc8cb8f7e298aafe9d9350bcf,2026-07-09 10:50:02,Approved
TXN000064,CLM000064,49aa753422fbe0decddac6044ba4812ffeca5c02463e1d0c03906324375932ee,2026-06-14 17:59:15,Rejected
TXN000065,CLM000065,d3cf3124809bbb91626ef2d4d99de0f8dc49dbb6a9585cd193af8c2b5fdb96d0,2026-06-18 14:37:09,Pending
TXN000066,CLM000066,8b77536fa35e5d6f34a9b7eae22ba1c5e790dae58580fceab6c813be3aba7a00,2026-06-18 08:54:54,Pending
TXN000067,CLM000067,277ddb6957ca9926ac7c8f59941aeb0fbe1a1f58f9bd69b080aeb360547f67ab,2026-07-03 20:24:38,Verified
TXN000068,CLM000068,4efb51dc3f3648324ba2ae7d4460c68c6c63a65970a981b7b28e76bddc59b273,2026-06-22 00:41:31,Approved
TXN000069,CLM000069,f4f91ada67d038955ae2ac60666613e5bcbe86eaaaba4a9cb1243e9cc4cbc8ab,2026-07-04 05:48:06,Rejected
TXN000070,CLM000070,975c6d14b4b27753a0f91cda432541b4a832a122447dd53833ea85bc6d397c36,2026-06-26 13:49:31,Approved
TXN000071,CLM000071,fc7095287080ef0b2426de666eea4e179ce42105b8273ae0b4c3dc8b832313f0,2026-07-08 04:05:11,Approved
TXN000072,CLM000072,776285338c515cdabbf7a540f9ce1be21ba02f50504e17158cb10d1daf1ce6d3,2026-06-13 00:43:47,Pending
TXN000073,CLM000073,2fcdc0bb56fb1d1afc3918e528fb43bcc0710d4d56992a952226997273179f75,2026-06-22 01:07:22,Approved
TXN000074,CLM000074,b548eed11c63a55ebf21db5247f483bba7943d765c099217e99916d32c3face3,2026-06-13 10:50:44,Verified
TXN000075,CLM000075,f6aa6c90ccf0d399294416c31763e645fd2338370a25959db3bf91d51712b29f,2026-06-15 04:20:25,Verified
TXN000076,CLM000076,db8cfe207704747b0ece5b68c3e5f39d9ad3ea559357f7dcb72833b542ea58cd,2026-07-03 12:00:01,Rejected
TXN000077,CLM000077,6897832ff41739650c4cb93e1cee48c5601daeae5afcb7c01c210c436ec5f105,2026-07-02 21:22:32,Approved
TXN000078,CLM000078,3480acd9a6fc734729b0657f00746b62be7718715c161b94d512da48f93d6965,2026-07-06 19:51:04,Approved
TXN000079,CLM000079,025c6a987d522d74521170cf57224c30fb143985c20918b7324a8ce18bea686f,2026-07-04 20:43:51,Approved
TXN000080,CLM000080,ecd44192a9a497e3a00b58f9257236b27392132c1e710819d798654dc5cfe92d,2026-06-25 10:36:15,Pending
TXN000081,CLM000081,728919f17c175ba68a156d5c82f2e24c8004e5b239c736a699f4dd8331e69325,2026-06-16 06:45:06,Approved
TXN000082,CLM000082,c02e5fdf1f85023b7b3bbdbcc5b4f92493d71e0cc2093427e867d294a0c7b6a2,2026-06-28 10:28:34,Rejected
TXN000083,CLM000083,e3b20c578c6c054ad73365e18cba707aa15d64e9c501df47916c595152ee85bc,2026-06-18 02:11:22,Approved
TXN000084,CLM000084,73ae28d89dd6493ccfccd584fc23bd4f552b27444b377b2210a40cdb3b816ea9,2026-06-23 01:49:58,Approved
TXN000085,CLM000085,bf9c20ef404f35ebb972992790770e0492572129b39e7f253f6ef06c4f64b5ca,2026-06-20 04:59:50,Approved
TXN000086,CLM000086,3850a1223ad03558018b82ad67a72c35a0e15409df8b85c9d6ffffcb6c3a6ad1,2026-07-05 03:55:05,Rejected
TXN000087,CLM000087,983d8be7909388d20bca66a70480ea3439bb6553d1d38c6decc09b71b8c39545,2026-07-06 10:38:11,Pending
TXN000088,CLM000088,fa53785d9d6af11835a0f1b7eaee20c43fcdbde020d7e83b893dc2884acd5385,2026-06-19 07:24:13,Verified
TXN000089,CLM000089,0cd3773eab774ced3e52ed94b7b0d4758cdaeb897298ad09af9429e817ebe0b3,2026-07-02 05:01:29,Approved
TXN000090,CLM000090,ebb3b10bdb9a77971f7384cdc3932f2301e70f7f9b9a866a08799e8cbc142e60,2026-07-03 00:47:45,Verified
TXN000091,CLM000091,fa72f98e45a767b24a659cc14f66b8328ea8326a5ddbfcfef5e77ed12d960381,2026-06-21 18:11:35,Verified
TXN000092,CLM000092,a3cbb95714979b4e5487766a775bbb44054e3f952f5fcb30504119dea8036b9b,2026-07-09 15:33:03,Approved
TXN000093,CLM000093,35de3021e7d8f0696d6a767111b050cdb8ede60a55faf59c25ec0c23b8200ba2,2026-06-30 11:37:32,Pending
TXN000094,CLM000094,ab8caf6a0c75938e9f9d4932e8d76366df224abb953f772d78434fd839c6c7a3,2026-07-04 00:28:21,Rejected
TXN000095,CLM000095,95ccf3eaaedeb92019ea81c84af8d421cb46223f102419cf232cbf1a78ff5542,2026-07-09 22:21:44,Rejected
TXN000096,CLM000096,203c940c4eef1aebea732eb952a57f402e37633daa0a3efcdc468a15d47168b3,2026-06-21 19:58:57,Verified
TXN000097,CLM000097,0aa964535f82747632c446412447b1849e1b407b6c32804bd8fb8a3124bbb090,2026-06-30 00:12:26,Verified
TXN000098,CLM000098,7ebac49b7fea1106f576fe4f1f1833922442309dc481e2f27c35e1f2b74b8ca6,2026-07-06 16:11:58,Verified
TXN000099,CLM000099,634367f059f1b15211721da49333542867d6cc1a6d4dbb760575712de7d0d49c,2026-07-08 17:46:40,Pending
TXN000100,CLM000100,cf080b206563a846b8f3ce41c602a408d308a9a6bbcb79777a80c5bb790f2618,2026-07-01 14:20:52,Approved
